<?xml version="1.0" encoding="UTF-8"?>
<indexing>
 <paragraph index="9" node_type="writer">Ingeniería del Software II</paragraph>
 <paragraph index="10" node_type="writer">Respuestas Taller #4-Mutation Analysis + Random Testing </paragraph>
 <paragraph index="12" node_type="writer">Parte 1: Mutation Analysis</paragraph>
 <paragraph index="13" node_type="writer">Ejercicio 1</paragraph>
 <paragraph index="14" node_type="writer">a. ¿Cuantos mutantes se generaron en total?</paragraph>
 <paragraph index="15" node_type="writer">	Se generaron 71 mutantes en total.</paragraph>
 <paragraph index="16" node_type="writer">b. ¿Qué operador de mutación generó más mutantes? ¿Cuántos y por qué?</paragraph>
 <paragraph index="17" node_type="writer">Los operadores que generaron más mutantes fueron False Conditionals Mutator y True Conditional Mutator (ambos con 10), eran los que tenían más líneas posibles para mutar.</paragraph>
 <paragraph index="18" node_type="writer">c. ¿Qué operador de mutación generó menos mutantes ¿Cuántos y por qué?</paragraph>
 <paragraph index="19" node_type="writer">El operador que genero menos mutantes fue Null Return Mutator (2), porque deben haber menos   lineas que devuelven Object.</paragraph>
 <paragraph index="20" node_type="writer">Ejercicio 2</paragraph>
 <paragraph index="21" node_type="writer">a. ¿Cuantos mutantes vivos y muertos encontraron en cada uno de los test suites?</paragraph>
 <paragraph index="22" node_type="writer"> Test 1:  54 mutantes vivos, 17 mutantes  muertos.</paragraph>
 <paragraph index="23" node_type="writer">  Test2: 39 mutantes vivos, 32 mutantes  muertos.</paragraph>
 <paragraph index="24" node_type="writer">b. ¿Cuál es el mutation score de cada test suite?</paragraph>
 <paragraph index="25" node_type="writer">Test 1: mutantion score de 23%</paragraph>
 <paragraph index="26" node_type="writer">Test 2: mutation score de 45%</paragraph>
 <paragraph index="27" node_type="writer">Ejercicio 3</paragraph>
 <paragraph index="28" node_type="writer">a. ¿Cuál es el  mutation score logrado para los test suite del StackTest2 mejorado (i.e StackTest3)?</paragraph>
 <paragraph index="29" node_type="writer">Luego de mejorar el StackTest el mutation score fue de 84%.</paragraph>
 <paragraph index="30" node_type="writer">b. ¿Cuántos mutantes vivos y muertos encontraron?</paragraph>
 <paragraph index="31" node_type="writer">Se encontraron 11 mutantes vivos y 60 mutantes muertos.</paragraph>
 <paragraph index="32" node_type="writer">c. Comente cuáles son todos los mutantes vivos que quedaron y justifique por qué son mutantes equivalentes al programa original.</paragraph>
 <paragraph index="33" node_type="writer">Hay 3 mutantes de OneConstantMutator equivalentes ya que reemplazan 1 por 1.</paragraph>
 <paragraph index="34" node_type="writer">Hay 4 mutantes de ZeroConstantMutator equivalentes ya que reemplazan 0 por 0.</paragraph>
 <paragraph index="35" node_type="writer">Hay un mutante de MathMutator equivalente ya que reemplaza * por un / en una linea en la que se hace 31 * 1.</paragraph>
 <paragraph index="36" node_type="writer">Hay un mutante FalseConditionalsMutator equivalente ya que cambia un isEmpty() por false cuando deberia dar una excepcion pero  luego el metodo llama a top que igual devuelve dicha excepcion en ese caso.	</paragraph>
 <paragraph index="37" node_type="writer">d. ¿Cuál es el instruction coverage promedio que lograron para las clases mutadas? Puede encontrar este valor al final del reporte de JaCoCo para el paquete org.autotest,mutants (la ùltima fila da el Total)</paragraph>
 <paragraph index="38" node_type="writer">	El instruction coverage total fue de 61%. Adjuntamos los pdfs de los reportes.</paragraph>
 <paragraph index="39" node_type="writer">e. ¿Cuál es el peor instruction coverage que lograron para una clase mutada? ¿Por qué creen que sucede esto?</paragraph>
 <paragraph index="40" node_type="writer">	El peor instruction coverage fue de 4%. Adjuntamos los pdfs de los reportes.</paragraph>
 <paragraph index="42" node_type="writer">Parte 2: Random Testing</paragraph>
 <paragraph index="43" node_type="writer">Ejercicio 4</paragraph>
 <paragraph index="44" node_type="writer">a. ¿Cuántos casos de test produjo Randoop?</paragraph>
 <paragraph index="45" node_type="writer">Randoop produjo 980 casos de test</paragraph>
 <paragraph index="46" node_type="writer">b. ¿Alguno de los test generados falló?</paragraph>
 <paragraph index="47" node_type="writer">	Niguno falló</paragraph>
 <paragraph index="48" node_type="writer">c. ¿Cuál es el instruction coverage alcanzado por los test generados para la clase StackAr?</paragraph>
 <paragraph index="49" node_type="writer">	El instruction coverage fue del 83%.</paragraph>
 <paragraph index="50" node_type="writer">Ejercicio 5</paragraph>
 <paragraph index="51" node_type="writer">a. ¿Qué fallas fueron detectadas por los test producidos de Randoop?</paragraph>
 <paragraph index="52" node_type="writer">Habia un falla en el pop() que rompia el invariante de representacion. Restaba el readIndex en 1, en vez de poner elems[readIndex] = null y luego restar.</paragraph>
 <paragraph index="53" node_type="writer">b. ¿Cuál es el instruction coverage alcanzado por el último test suite generado (aquel que no encontró nuevas fallas en StackAr)?</paragraph>
 <paragraph index="54" node_type="writer">	El instruction coverage fue del 72%.</paragraph>
 <paragraph index="55" node_type="writer">Ejercicio 6</paragraph>
 <paragraph index="56" node_type="writer">Ejecutar el nuevo archivo RegressionTest.java (sin número) generado y reportar cuál es este mutation score obtenido por los test generados sobre la clase StackAr reparada.</paragraph>
 <paragraph index="57" node_type="writer">El mutation score fue del 100% aunque esto no deberia ser así </paragraph>
</indexing>
